country,iso2,iso3,iso_numeric,capital,capital_lat,capital_lon,continent,continent_code,region_un,population,population_year,population_million,population_f,area_km2,area_thousand_km2,area_km2_f,population_density_km2,density_f,population_rank,density_rank,gdp_usd,gdp_usd_f,gdp_per_capita_usd,gdp_per_capita_usd_f,gdp_year,gdp_rank,gdp_per_capita_rank,currency_code,currency_symbol,currency_name,languages_official,flag_svg,flag_png_320,flag_emoji
Afghanistan,AF,AFG,4,Kabul,34.52,69.18,Asia,AS,Southern Asia,41454761,2023.0,41.45,"41,454,761",652864.0,652.86,"652,864",63.5,63.50,35.0,118.0,17152234636.8715,"17,152,234,637",413.757894705303,414,2023.0,136.0,191.0,AFN,AFN,Afghan afghani,"Dari, Pashto, Turkmen",https://upload.wikimedia.org/wikipedia/commons/5/5c/Flag_of_the_Taliban.svg,https://upload.wikimedia.org/wikipedia/commons/thumb/5/5c/Flag_of_the_Taliban.svg/320px-Flag_of_the_Taliban.svg.png,🇦🇫
Albania,AL,ALB,8,Tirana,41.32,19.82,Europe,EU,Southern Europe,2811655,2023.0,2.81,"2,811,655",28748.0,28.75,"28,748",97.8,97.80,140.0,89.0,27177735527.5667,"27,177,735,528",10011.6279856667,"10,012",2024.0,111.0,84.0,ALL,ALL,Albanian lek,Albanian,https://flagcdn.com/al.svg,https://flagcdn.com/w320/al.png,🇦🇱
Algeria,DZ,DZA,12,Algiers,36.75,3.05,Africa,AF,Northern Africa,46164219,2023.0,46.16,"46,164,219",2381741.0,2381.74,"2,381,741",19.38,19.38,32.0,162.0,263619794506723,"263,619,794,507",5631.17999109851,"5,631",2024.0,53.0,113.0,DZD,DZD,Algerian dinar,Arabic,https://flagcdn.com/dz.svg,https://flagcdn.com/w320/dz.png,🇩🇿
Andorra,AD,AND,20,Andorra la Vella,42.5,1.52,Europe,EU,Southern Europe,80856,2023.0,0.08,"80,856",468.0,0.47,468,172.77,172.77,183.0,53.0,4039844390.22543,"4,039,844,390",49303.6733899464,"49,304",2024.0,164.0,25.0,EUR,€,Euro,Catalan,https://flagcdn.com/ad.svg,https://flagcdn.com/w320/ad.png,🇦🇩
Angola,AO,AGO,24,Luanda,-8.83,13.22,Africa,AF,Middle Africa,36749906,2023.0,36.75,"36,749,906",1246700.0,1246.7,"1,246,700",29.48,29.48,41.0,147.0,80396942241.6233,"80,396,942,242",2122.08368991872,"2,122",2024.0,82.0,154.0,AOA,AOA,Angolan kwanza,Portuguese,https://flagcdn.com/ao.svg,https://flagcdn.com/w320/ao.png,🇦🇴
Antigua and Barbuda,AG,ATG,28,St. John's,17.12,-61.85,North America,NA,Caribbean,93316,2023.0,0.09,"93,316",442.0,0.44,442,211.12,211.12,182.0,47.0,2224814814.81481,"2,224,814,815",23725.7903725506,"23,726",2024.0,172.0,52.0,XCD,EC$,Eastern Caribbean dollar,English,https://flagcdn.com/ag.svg,https://flagcdn.com/w320/ag.png,🇦🇬
Argentina,AR,ARG,32,Buenos Aires,-34.58,-58.67,South America,SA,South America,45538401,2023.0,45.54,"45,538,401",2780400.0,2780.4,"2,780,400",16.38,16.38,33.0,171.0,633266692533689,"633,266,692,534",13858.2039802008,"13,858",2024.0,24.0,71.0,ARS,ARS,Argentine peso,"Guaraní, Spanish",https://flagcdn.com/ar.svg,https://flagcdn.com/w320/ar.png,🇦🇷
Armenia,AM,ARM,51,Yerevan,40.17,44.5,Asia/Europe,EA,Western Asia,2943393,2023.0,2.94,"2,943,393",29743.0,29.74,"29,743",98.96,98.96,137.0,88.0,25786585949.6346,"25,786,585,950",8500.60522486719,"8,501",2024.0,115.0,90.0,AMD,AMD,Armenian dram,Armenian,https://flagcdn.com/am.svg,https://flagcdn.com/w320/am.png,🇦🇲
Australia,AU,AUS,36,Canberra,-35.27,149.13,Oceania,OC,Australia and New Zealand,26451124,2023.0,26.45,"26,451,124",7741220.0,7741.22,"7,741,220",3.42,3.42,53.0,190.0,1752193307380.34,"1,752,193,307,380",64407.484256932,"64,407",2024.0,14.0,14.0,AUD,A$,Australian dollar,English,https://flagcdn.com/au.svg,https://flagcdn.com/w320/au.png,🇦🇺
Austria,AT,AUT,40,Vienna,48.2,16.37,Europe,EU,Western Europe,9130429,2023.0,9.13,"9,130,429",83878.0,83.88,"83,878",108.85,108.85,97.0,80.0,521642466921745,"521,642,466,922",56833.1960472053,"56,833",2024.0,31.0,16.0,EUR,€,Euro,German,https://flagcdn.com/at.svg,https://flagcdn.com/w320/at.png,🇦🇹
Azerbaijan,AZ,AZE,31,Baku,40.38,49.87,Asia/Europe,EA,Western Asia,10318207,2023.0,10.32,"10,318,207",86600.0,86.6,"86,6",119.15,119.15,92.0,73.0,74315882352.9412,"74,315,882,353",7283.83562954872,"7,284",2024.0,84.0,101.0,AZN,AZN,Azerbaijani manat,Azerbaijani,https://flagcdn.com/az.svg,https://flagcdn.com/w320/az.png,🇦🇿
Bahamas,BS,BHS,44,Nassau,25.08,-77.35,North America,NA,Caribbean,399440,2023.0,0.4,"399,44",13880.0,13.88,"13,88",28.78,28.78,170.0,150.0,15832800000.0,"15,832,800,000",39455.4466548546,"39,455",2024.0,139.0,31.0,BSD,BSD,Bahamian dollar,English,https://flagcdn.com/bs.svg,https://flagcdn.com/w320/bs.png,🇧🇸
Bahrain,BH,BHR,48,Manama,26.23,50.57,Asia,AS,Western Asia,1569666,2023.0,1.57,"1,569,666",778.0,0.78,778,2017.57,"2,017.57",149.0,3.0,47736702127.6596,"47,736,702,128",30048.2177718844,"30,048",2024.0,95.0,42.0,BHD,BHD,Bahraini dinar,Arabic,https://flagcdn.com/bh.svg,https://flagcdn.com/w320/bh.png,🇧🇭
Bangladesh,BD,BGD,50,Dhaka,23.72,90.4,Asia,AS,Southern Asia,171466990,2023.0,171.47,"171,466,990",148460.0,148.46,"148,46",1154.97,"1,154.97",8.0,6.0,450119424622389,"450,119,424,622",2593.41607390407,"2,593",2024.0,37.0,144.0,BDT,BDT,Bangladeshi taka,Bengali,https://flagcdn.com/bd.svg,https://flagcdn.com/w320/bd.png,🇧🇩
Barbados,BB,BRB,52,Bridgetown,13.1,-59.62,North America,NA,Caribbean,282336,2023.0,0.28,"282,336",431.0,0.43,431,655.07,655.07,173.0,8.0,7165000000.0,"7,165,000,000",25365.7949424181,"25,366",2024.0,157.0,47.0,BBD,BBD,Barbadian dollar,English,https://flagcdn.com/bb.svg,https://flagcdn.com/w320/bb.png,🇧🇧
Belarus,BY,BLR,112,Minsk,53.9,27.57,Europe,EU,Eastern Europe,9115680,2023.0,9.12,"9,115,680",207600.0,207.6,"207,6",43.91,43.91,98.0,136.0,75961865471.9129,"75,961,865,472",8316.64776291533,"8,317",2024.0,83.0,93.0,BYN,BYN,Belarusian ruble,"Belarusian, Russian",https://flagcdn.com/by.svg,https://flagcdn.com/w320/by.png,🇧🇾
Belgium,BE,BEL,56,Brussels,50.83,4.33,Europe,EU,Western Europe,11712893,2023.0,11.71,"11,712,893",30528.0,30.53,"30,528",383.68,383.68,79.0,22.0,664564181486953,"664,564,181,487",55954.6106261018,"55,955",2024.0,23.0,17.0,EUR,€,Euro,"Dutch, French, German",https://flagcdn.com/be.svg,https://flagcdn.com/w320/be.png,🇧🇪
Belize,BZ,BLZ,84,Belmopan,17.25,-88.77,North America,NA,Central America,411106,2023.0,0.41,"411,106",22965.0,22.96,"22,965",17.9,17.90,169.0,166.0,3515783328.91079,"3,515,783,329",8429.67959707387,"8,43",2024.0,165.0,92.0,BZD,BZD,Belize dollar,"Belizean Creole, English, Spanish",https://flagcdn.com/bz.svg,https://flagcdn.com/w320/bz.png,🇧🇿
Benin,BJ,BEN,204,Porto-Novo,6.48,2.62,Africa,AF,Western Africa,14111034,2023.0,14.11,"14,111,034",114763.0,114.76,"114,763",122.96,122.96,74.0,71.0,21482643720.2743,"21,482,643,720",1485.38018980894,"1,485",2024.0,124.0,160.0,XOF,F CFA,West African CFA franc,French,https://flagcdn.com/bj.svg,https://flagcdn.com/w320/bj.png,🇧🇯
Bhutan,BT,BTN,64,Thimphu,27.47,89.63,Asia,AS,Southern Asia,786385,2023.0,0.79,"786,385",38394.0,38.39,"38,394",20.48,20.48,161.0,161.0,3019253885.46989,"3,019,253,885",3839.4093039286,"3,839",2023.0,166.0,131.0,BTN,BTN,Bhutanese ngultrum,Dzongkha,https://flagcdn.com/bt.svg,https://flagcdn.com/w320/bt.png,🇧🇹
Bolivia,BO,BOL,68,Sucre,-19.02,-65.26,South America,SA,South America,12244159,2023.0,12.24,"12,244,159",1098581.0,1098.58,"1,098,581",11.15,11.15,77.0,177.0,49668296743.8495,"49,668,296,744",4001.21133990795,"4,001",2024.0,94.0,127.0,BOB,BOB,Bolivian boliviano,"Aymara, Guaraní, Quechua, Spanish",https://flagcdn.com/bo.svg,https://flagcdn.com/w320/bo.png,🇧🇴
Bosnia and Herzegovina,BA,BIH,70,Sarajevo,43.87,18.42,Europe,EU,Southern Europe,3185073,2023.0,3.19,"3,185,073",51209.0,51.21,"51,209",62.2,62.20,133.0,121.0,28343394203.4694,"28,343,394,203",8957.37294188215,"8,957",2024.0,110.0,88.0,BAM,BAM,Bosnia and Herzegovina convertible mark,"Bosnian, Croatian, Serbian",https://flagcdn.com/ba.svg,https://flagcdn.com/w320/ba.png,🇧🇦
Botswana,BW,BWA,72,Gaborone,-24.63,25.9,Africa,AF,Southern Africa,2480244,2023.0,2.48,"2,480,244",582000.0,582.0,582,4.26,4.26,143.0,183.0,19400774882.4495,"19,400,774,882",7695.2420641819,"7,695",2024.0,132.0,96.0,BWP,BWP,Botswana pula,"English, Tswana",https://flagcdn.com/bw.svg,https://flagcdn.com/w320/bw.png,🇧🇼
Brazil,BR,BRA,76,Brasília,-15.79,-47.88,South America,SA,South America,211140729,2023.0,211.14,"211,140,729",8510346.0,8510.35,"8,510,346",24.81,24.81,7.0,157.0,2179412080828.59,"2,179,412,080,829",10280.3148624429,"10,28",2024.0,11.0,83.0,BRL,R$,Brazilian real,Portuguese,https://flagcdn.com/br.svg,https://flagcdn.com/w320/br.png,🇧🇷
Brunei,BN,BRN,96,Bandar Seri Begawan,4.88,114.93,Asia,AS,South-eastern Asia,458949,2023.0,0.46,"458,949",5765.0,5.76,"5,765",79.61,79.61,168.0,105.0,15463134387.2013,"15,463,134,387",33417.8357740437,"33,418",2024.0,141.0,36.0,BND,BND,Brunei dollar,Malay,https://flagcdn.com/bn.svg,https://flagcdn.com/w320/bn.png,🇧🇳
Bulgaria,BG,BGR,100,Sofia,42.68,23.32,Europe,EU,Eastern Europe,6795803,2023.0,6.8,"6,795,803",110879.0,110.88,"110,879",61.29,61.29,107.0,122.0,112211952703831,"112,211,952,704",17412.4115085691,"17,412",2024.0,69.0,62.0,BGN,BGN,Bulgarian lev,Bulgarian,https://flagcdn.com/bg.svg,https://flagcdn.com/w320/bg.png,🇧🇬
Burkina Faso,BF,BFA,854,Ouagadougou,12.37,-1.52,Africa,AF,Western Africa,23025776,2023.0,23.03,"23,025,776",274200.0,274.2,"274,2",83.97,83.97,58.0,101.0,23250214909.5391,"23,250,214,910",987.321378101867,987,2024.0,121.0,175.0,XOF,F CFA,West African CFA franc,French,https://flagcdn.com/bf.svg,https://flagcdn.com/w320/bf.png,🇧🇫
Burundi,BI,BDI,108,Gitega,-3.43,29.93,Africa,AF,Eastern Africa,13689450,2023.0,13.69,"13,689,450",27834.0,27.83,"27,834",491.82,491.82,76.0,15.0,2162378759.3467,"2,162,378,759",153.930217854023,154,2024.0,174.0,192.0,BIF,BIF,Burundian franc,"French, Kirundi",https://flagcdn.com/bi.svg,https://flagcdn.com/w320/bi.png,🇧🇮
Cambodia,KH,KHM,116,Phnom Penh,11.55,104.92,Asia,AS,South-eastern Asia,17423880,2023.0,17.42,"17,423,880",181035.0,181.04,"181,035",96.25,96.25,71.0,91.0,46352647034.7775,"46,352,647,035",2627.8796974226,"2,628",2024.0,97.0,143.0,KHR,KHR,Cambodian riel,Khmer,https://flagcdn.com/kh.svg,https://flagcdn.com/w320/kh.png,🇰🇭
Cameroon,CM,CMR,120,Yaoundé,3.85,11.5,Africa,AF,Middle Africa,28372687,2023.0,28.37,"28,372,687",475650.0,475.65,"475,65",59.65,59.65,51.0,123.0,51326764684.8595,"51,326,764,685",1762.3683508844,"1,762",2024.0,92.0,157.0,XAF,FCFA,Central African CFA franc,"English, French",https://flagcdn.com/cm.svg,https://flagcdn.com/w320/cm.png,🇨🇲
Canada,CA,CAN,124,Ottawa,45.42,-75.7,North America,NA,Northern America,39299105,2023.0,39.3,"39,299,105",9984670.0,9984.67,"9,984,670",3.94,3.94,37.0,185.0,2241253230970.34,"2,241,253,230,970",54282.6176051733,"54,283",2024.0,10.0,19.0,CAD,CA$,Canadian dollar,"English, French",https://flagcdn.com/ca.svg,https://flagcdn.com/w320/ca.png,🇨🇦
Cape Verde,CV,CPV,132,Praia,14.92,-23.52,Africa,AF,Western Africa,522331,2023.0,0.52,"522,331",4033.0,4.03,"4,033",129.51,129.51,167.0,66.0,2767599017.44874,"2,767,599,017",5272.85253011419,"5,273",2024.0,167.0,116.0,CVE,CVE,Cape Verdean escudo,Portuguese,https://flagcdn.com/cv.svg,https://flagcdn.com/w320/cv.png,🇨🇻
Central African Republic,CF,CAF,140,Bangui,4.37,18.58,Africa,AF,Middle Africa,5152421,2023.0,5.15,"5,152,421",622984.0,622.98,"622,984",8.27,8.27,122.0,180.0,2751544520.37918,"2,751,544,520",516.170424537757,516,2024.0,168.0,189.0,XAF,FCFA,Central African CFA franc,"French, Sango",https://flagcdn.com/cf.svg,https://flagcdn.com/w320/cf.png,🇨🇫
Chad,TD,TCD,148,N'Djamena,12.1,15.03,Africa,AF,Middle Africa,19319064,2023.0,19.32,"19,319,064",1284000.0,1284.0,"1,284,000",15.05,15.05,64.0,174.0,20625711664.6472,"20,625,711,665",1016.08880662712,"1,016",2024.0,126.0,171.0,XAF,FCFA,Central African CFA franc,"Arabic, French",https://flagcdn.com/td.svg,https://flagcdn.com/w320/td.png,🇹🇩
Chile,CL,CHL,152,Santiago,-33.45,-70.67,South America,SA,South America,19658835,2023.0,19.66,"19,658,835",756102.0,756.1,"756,102",26.0,26.00,63.0,156.0,330267137371592,"330,267,137,372",16709.8893972307,"16,71",2024.0,47.0,63.0,CLP,CLP,Chilean peso,Spanish,https://flagcdn.com/cl.svg,https://flagcdn.com/w320/cl.png,🇨🇱
China,CN,CHN,156,Beijing,39.92,116.38,Asia,AS,Eastern Asia,1422584933,2023.0,1422.58,"1,422,584,933",9596960.0,9596.96,"9,596,960",148.23,148.23,2.0,58.0,18743803170827.2,"18,743,803,170,827",13303.1481543868,"13,303",2024.0,2.0,74.0,CNY,CN¥,Renminbi,Chinese,https://flagcdn.com/cn.svg,https://flagcdn.com/w320/cn.png,🇨🇳
Colombia,CO,COL,170,Bogotá,4.71,-74.07,South America,SA,South America,52321152,2023.0,52.32,"52,321,152",1138910.0,1138.91,"1,138,910",45.94,45.94,27.0,134.0,418542042920189,"418,542,042,920",7913.98801464547,"7,914",2024.0,41.0,95.0,COP,COP,Colombian peso,Spanish,https://flagcdn.com/co.svg,https://flagcdn.com/w320/co.png,🇨🇴
Comoros,KM,COM,174,Moroni,-11.7,43.23,Africa,AF,Eastern Africa,850387,2023.0,0.85,"850,387",1861.0,1.86,"1,861",456.95,456.95,158.0,16.0,1546164420.32442,"1,546,164,420",1784.11546860293,"1,784",2024.0,179.0,156.0,KMF,KMF,Comorian franc,"Arabic, Comorian, French",https://flagcdn.com/km.svg,https://flagcdn.com/w320/km.png,🇰🇲
Congo,CG,COG,178,Brazzaville,-4.25,15.28,Africa,AF,Middle Africa,6182885,2023.0,6.18,"6,182,885",,,,,,110.0,,15719985776.3966,"15,719,985,776",2482.24894743495,"2,482",2024.0,140.0,146.0,,,,"French, Kikongo, Lingala",https://flagcdn.com/cg.svg,https://flagcdn.com/w320/cg.png,🇨🇬
Costa Rica,CR,CRI,188,San José,9.93,-84.09,North America,NA,Central America,5105525,2023.0,5.11,"5,105,525",51100.0,51.1,"51,1",99.91,99.91,123.0,87.0,95350423176664,"95,350,423,177",18587.1532203614,"18,587",2024.0,73.0,60.0,CRC,CRC,Costa Rican colón,Spanish,https://flagcdn.com/cr.svg,https://flagcdn.com/w320/cr.png,🇨🇷
Cote d'Ivoire,CI,CIV,384,Yamoussoukro,6.82,-5.27,Africa,AF,Western Africa,31165654,2023.0,31.17,"31,165,654",322462.0,322.46,"322,462",96.65,96.65,49.0,90.0,86538413923.3943,"86,538,413,923",2709.89511641252,"2,71",2024.0,77.0,140.0,XOF,F CFA,West African CFA franc,French,https://flagcdn.com/ci.svg,https://flagcdn.com/w320/ci.png,🇨🇮
Croatia,HR,HRV,191,Zagreb,45.8,16.0,Europe,EU,Southern Europe,3896023,2023.0,3.9,"3,896,023",56594.0,56.59,"56,594",68.84,68.84,128.0,115.0,92526176108621,"92,526,176,109",23931.4528382746,"23,931",2024.0,75.0,50.0,EUR,€,Euro,Croatian,https://flagcdn.com/hr.svg,https://flagcdn.com/w320/hr.png,🇭🇷
Cuba,CU,CUB,192,Havana,23.12,-82.35,North America,NA,Caribbean,11019931,2023.0,11.02,"11,019,931",109884.0,109.88,"109,884",100.29,100.29,84.0,86.0,107351800000.0,"107,351,800,000",9605.26125067263,"9,605",2020.0,70.0,85.0,CUP,CUP,Cuban peso,Spanish,https://flagcdn.com/cu.svg,https://flagcdn.com/w320/cu.png,🇨🇺
Cyprus,CY,CYP,196,Nicosia,35.17,33.37,Asia,AS,Western Asia,1344976,2023.0,1.34,"1,344,976",9251.0,9.25,"9,251",145.39,145.39,153.0,60.0,36333022329.4981,"36,333,022,329",38654.16796875,"38,654",2024.0,104.0,32.0,EUR,€,Euro,"Greek, Turkish",https://flagcdn.com/cy.svg,https://flagcdn.com/w320/cy.png,🇨🇾
Czechia,CZ,CZE,203,Prague,50.08,14.47,Europe,EU,Eastern Europe,10809716,2023.0,10.81,"10,809,716",78871.0,78.87,"78,871",137.06,137.06,85.0,65.0,345036675975047,"345,036,675,975",31706.6234229743,"31,707",2024.0,46.0,40.0,CZK,CZK,Czech koruna,"Czech, Slovak",https://flagcdn.com/cz.svg,https://flagcdn.com/w320/cz.png,🇨🇿
Democratic Republic of the Congo,CD,COD,180,Kinshasa,-4.32,15.3,Africa,AF,Middle Africa,,,,,2344858.0,2344.86,"2,344,858",,,193.0,,70749355652.1207,"70,749,355,652",647.435704836002,647,2024.0,87.0,184.0,CDF,CDF,Congolese franc,"French, Kikongo, Lingala, Swahili, Tshiluba",https://flagcdn.com/cd.svg,https://flagcdn.com/w320/cd.png,🇨🇩
Denmark,DK,DNK,208,Copenhagen,55.67,12.58,Europe,EU,Northern Europe,5948136,2023.0,5.95,"5,948,136",42947.0,42.95,"42,947",138.5,138.50,111.0,64.0,429457372071869,"429,457,372,072",71851.7562131368,"71,852",2024.0,39.0,12.0,DKK,DKK,Danish krone,Danish,https://flagcdn.com/dk.svg,https://flagcdn.com/w320/dk.png,🇩🇰
Djibouti,DJ,DJI,262,Djibouti,11.58,43.15,Africa,AF,Eastern Africa,1152944,2023.0,1.15,"1,152,944",23200.0,23.2,"23,2",49.7,49.70,156.0,132.0,4086402718.86834,"4,086,402,719",3496.47111876763,"3,496",2024.0,163.0,133.0,DJF,DJF,Djiboutian franc,"Arabic, French",https://flagcdn.com/dj.svg,https://flagcdn.com/w320/dj.png,🇩🇯
Dominica,DM,DMA,212,Roseau,15.3,-61.4,North America,NA,Caribbean,66510,2023.0,0.07,"66,51",750.0,0.75,750,88.68,88.68,184.0,98.0,688881481.481481,"688,881,481",10405.2787777582,"10,405",2024.0,185.0,82.0,XCD,EC$,Eastern Caribbean dollar,English,https://flagcdn.com/dm.svg,https://flagcdn.com/w320/dm.png,🇩🇲
Dominican Republic,DO,DOM,214,Santo Domingo,18.47,-69.9,North America,NA,Caribbean,11331265,2023.0,11.33,"11,331,265",48670.0,48.67,"48,67",232.82,232.82,83.0,43.0,124282245638568,"124,282,245,639",10875.6618443092,"10,876",2024.0,66.0,81.0,DOP,DOP,Dominican peso,Spanish,https://flagcdn.com/do.svg,https://flagcdn.com/w320/do.png,🇩🇴
East Timor,TL,TLS,626,Dili,-8.58,125.6,Asia,AS,South-eastern Asia,1384286,2023.0,1.38,"1,384,286",14874.0,14.87,"14,874",93.07,93.07,151.0,95.0,1881265333.4187,"1,881,265,333",1343.14886031844,"1,343",2024.0,176.0,164.0,USD,$,United States dollar,"Portuguese, Tetum",https://flagcdn.com/tl.svg,https://flagcdn.com/w320/tl.png,🇹🇱
Ecuador,EC,ECU,218,Quito,-0.22,-78.5,South America,SA,South America,17980083,2023.0,17.98,"17,980,083",283561.0,283.56,"283,561",63.41,63.41,70.0,119.0,124676074700.0,"124,676,074,700",6874.705739766,"6,875",2024.0,64.0,103.0,USD,$,United States dollar,Spanish,https://flagcdn.com/ec.svg,https://flagcdn.com/w320/ec.png,🇪🇨
Egypt,EG,EGY,818,Cairo,30.05,31.25,Africa,AF,Northern Africa,114535772,2023.0,114.54,"114,535,772",1001450.0,1001.45,"1,001,450",114.37,114.37,14.0,76.0,389059911003566,"389,059,911,004",3338.47371395895,"3,338",2024.0,43.0,136.0,EGP,EGP,Egyptian pound,Arabic,https://flagcdn.com/eg.svg,https://flagcdn.com/w320/eg.png,🇪🇬
El Salvador,SV,SLV,222,San Salvador,13.7,-89.2,North America,NA,Central America,6309624,2023.0,6.31,"6,309,624",21041.0,21.04,"21,041",299.87,299.87,109.0,28.0,35364960000.0,"35,364,960,000",5579.65969165029,"5,58",2024.0,105.0,114.0,USD,$,United States dollar,Spanish,https://flagcdn.com/sv.svg,https://flagcdn.com/w320/sv.png,🇸🇻
Equatorial Guinea,GQ,GNQ,226,Malabo,3.75,8.78,Africa,AF,Middle Africa,1847549,2023.0,1.85,"1,847,549",28051.0,28.05,"28,051",65.86,65.86,147.0,117.0,12765777677.0622,"12,765,777,677",6745.40013244916,"6,745",2024.0,147.0,104.0,XAF,FCFA,Central African CFA franc,"French, Portuguese, Spanish",https://flagcdn.com/gq.svg,https://flagcdn.com/w320/gq.png,🇬🇶
Eritrea,ER,ERI,232,Asmara,15.33,38.93,Africa,AF,Eastern Africa,3470390,2023.0,3.47,"3,470,390",117600.0,117.6,"117,6",29.51,29.51,130.0,146.0,2065001626.01626,"2,065,001,626",688.68165957684,689,2011.0,175.0,183.0,ERN,ERN,Eritrean nakfa,"Arabic, English, Tigrinya",https://flagcdn.com/er.svg,https://flagcdn.com/w320/er.png,🇪🇷
Estonia,EE,EST,233,Tallinn,59.43,24.72,Europe,EU,Northern Europe,1367196,2023.0,1.37,"1,367,196",45339.0,45.34,"45,339",30.15,30.15,152.0,145.0,42764929169.3258,"42,764,929,169",31170.0915091887,"31,17",2024.0,102.0,41.0,EUR,€,Euro,Estonian,https://flagcdn.com/ee.svg,https://flagcdn.com/w320/ee.png,🇪🇪
Eswatini,SZ,SWZ,748,Mbabane,-26.32,31.13,Africa,AF,Southern Africa,1230506,2023.0,1.23,"1,230,506",17363.0,17.36,"17,363",70.87,70.87,155.0,114.0,4891883720.15742,"4,891,883,720",3936.10969242371,"3,936",2024.0,160.0,130.0,SZL,SZL,Swazi lilangeni,"English, Swazi",https://flagcdn.com/sz.svg,https://flagcdn.com/w320/sz.png,🇸🇿
Ethiopia,ET,ETH,231,Addis Ababa,9.03,38.7,Africa,AF,Eastern Africa,128691692,2023.0,128.69,"128,691,692",1104300.0,1104.3,"1,104,300",116.54,116.54,11.0,75.0,126772707851339,"126,772,707,851",1011.07332413462,"1,011",2022.0,63.0,172.0,ETB,ETB,Ethiopian birr,Amharic,https://flagcdn.com/et.svg,https://flagcdn.com/w320/et.png,🇪🇹
Fiji,FJ,FJI,242,Suva,-18.13,178.42,Oceania,OC,Melanesia,924145,2023.0,0.92,"924,145",18272.0,18.27,"18,272",50.58,50.58,157.0,131.0,5840564072.77313,"5,840,564,073",6288.39867264416,"6,288",2024.0,159.0,109.0,FJD,FJD,Fijian dollar,"English, Fiji Hindi, Fijian",https://flagcdn.com/fj.svg,https://flagcdn.com/w320/fj.png,🇫🇯
Finland,FI,FIN,246,Helsinki,60.17,24.93,Europe,EU,Northern Europe,5601185,2023.0,5.6,"5,601,185",338145.0,338.14,"338,145",16.56,16.56,114.0,170.0,299835625550781,"299,835,625,551",53188.6186245158,"53,189",2024.0,49.0,22.0,EUR,€,Euro,"Finnish, Swedish",https://flagcdn.com/fi.svg,https://flagcdn.com/w320/fi.png,🇫🇮
France,FR,FRA,250,Paris,48.87,2.33,Europe,EU,Western Europe,66438822,2023.0,66.44,"66,438,822",551500.0,551.5,"551,5",120.47,120.47,21.0,72.0,3162079073495.78,"3,162,079,073,496",46150.4876861593,"46,15",2024.0,7.0,27.0,EUR,€,Euro,French,https://flagcdn.com/fr.svg,https://flagcdn.com/w320/fr.png,🇫🇷
France,FR,FRA,250,Paris,48.87,2.33,Europe,EU,Western Europe,66438822,2023.0,66.44,"66,438,822",643801.0,643.8,"643,801",103.2,103.20,21.0,84.0,3162079073495.78,"3,162,079,073,496",46150.4876861593,"46,15",2024.0,7.0,27.0,EUR,€,Euro,French,https://flagcdn.com/fr.svg,https://flagcdn.com/w320/fr.png,🇫🇷
Gabon,GA,GAB,266,Libreville,0.38,9.45,Africa,AF,Middle Africa,2484789,2023.0,2.48,"2,484,789",267668.0,267.67,"267,668",9.28,9.28,142.0,178.0,20867044935.6729,"20,867,044,936",8218.76307061848,"8,219",2024.0,125.0,94.0,XAF,FCFA,Central African CFA franc,French,https://flagcdn.com/ga.svg,https://flagcdn.com/w320/ga.png,🇬🇦
Gambia,GM,GMB,270,Banjul,13.45,-16.57,Africa,AF,Western Africa,2697845,2023.0,2.7,"2,697,845",11295.0,11.3,"11,295",238.85,238.85,141.0,41.0,2507519958.34857,"2,507,519,958",908.525674150965,909,2024.0,170.0,177.0,GMD,GMD,Gambian dalasi,English,https://flagcdn.com/gm.svg,https://flagcdn.com/w320/gm.png,🇬🇲
Georgia,GE,GEO,268,Tbilisi,41.68,44.83,Asia/Europe,EA,Western Asia,3807492,2023.0,3.81,"3,807,492",69700.0,69.7,"69,7",54.63,54.63,129.0,127.0,33776141250.5716,"33,776,141,251",9193.66366361489,"9,194",2024.0,106.0,87.0,GEL,GEL,Georgian lari,Georgian,https://flagcdn.com/ge.svg,https://flagcdn.com/w320/ge.png,🇬🇪
Germany,DE,DEU,276,Berlin,52.52,13.4,Europe,EU,Western Europe,84548231,2023.0,84.55,"84,548,231",357581.0,357.58,"357,581",236.44,236.44,18.0,42.0,4659929336890.62,"4,659,929,336,891",55800.2194549412,"55,8",2024.0,3.0,18.0,EUR,€,Euro,German,https://flagcdn.com/de.svg,https://flagcdn.com/w320/de.png,🇩🇪
Ghana,GH,GHA,288,Accra,5.55,-0.22,Africa,AF,Western Africa,33787914,2023.0,33.79,"33,787,914",238537.0,238.54,"238,537",141.65,141.65,45.0,61.0,82825288888.9734,"82,825,288,889",2405.79466378083,"2,406",2024.0,80.0,148.0,GHS,GHS,Ghanaian cedi,English,https://flagcdn.com/gh.svg,https://flagcdn.com/w320/gh.png,🇬🇭
Greece,GR,GRC,300,Athens,37.98,23.73,Europe,EU,Southern Europe,10242908,2023.0,10.24,"10,242,908",131957.0,131.96,"131,957",77.62,77.62,93.0,106.0,257144811301673,"257,144,811,302",24752.1068401681,"24,752",2024.0,55.0,49.0,EUR,€,Euro,Greek,https://flagcdn.com/gr.svg,https://flagcdn.com/w320/gr.png,🇬🇷
Grenada,GD,GRD,308,St. George's,32.38,-64.68,North America,NA,Caribbean,117081,2023.0,0.12,"117,081",345.0,0.34,345,339.37,339.37,178.0,25.0,1391435992.59259,"1,391,435,993",11871.6117006031,"11,872",2024.0,180.0,78.0,XCD,EC$,Eastern Caribbean dollar,English,https://flagcdn.com/gd.svg,https://flagcdn.com/w320/gd.png,🇬🇩
Guatemala,GT,GTM,320,Guatemala City,14.62,-90.52,North America,NA,Central America,18124838,2023.0,18.12,"18,124,838",108889.0,108.89,"108,889",166.45,166.45,67.0,54.0,113199586004477,"113,199,586,004",6150.02597767851,"6,15",2024.0,68.0,111.0,GTQ,GTQ,Guatemalan quetzal,Spanish,https://flagcdn.com/gt.svg,https://flagcdn.com/w320/gt.png,🇬🇹
Guinea,GN,GIN,324,Conakry,9.5,-13.7,Africa,AF,Western Africa,14405465,2023.0,14.41,"14,405,465",245857.0,245.86,"245,857",58.59,58.59,73.0,125.0,25334307878737,"25,334,307,879",1717.02318120779,"1,717",2024.0,116.0,159.0,GNF,GNF,Guinean franc,French,https://flagcdn.com/gn.svg,https://flagcdn.com/w320/gn.png,🇬🇳
Guyana,GY,GUY,328,Georgetown,6.8,-58.15,South America,SA,South America,826353,2023.0,0.83,"826,353",214969.0,214.97,"214,969",3.84,3.84,159.0,186.0,24835899825.8993,"24,835,899,826",29883.6341152001,"29,884",2024.0,118.0,43.0,GYD,GYD,Guyanese dollar,English,https://flagcdn.com/gy.svg,https://flagcdn.com/w320/gy.png,🇬🇾
Haiti,HT,HTI,332,Port-au-Prince,18.53,-72.33,North America,NA,Caribbean,11637398,2023.0,11.64,"11,637,398",27750.0,27.75,"27,75",419.37,419.37,80.0,20.0,25224154990.7946,"25,224,154,991",2142.62330526788,"2,143",2024.0,117.0,152.0,HTG,HTG,Haitian gourde,"French, Haitian Creole",https://flagcdn.com/ht.svg,https://flagcdn.com/w320/ht.png,🇭🇹
Honduras,HN,HND,340,Tegucigalpa,14.1,-87.22,North America,NA,Central America,10644851,2023.0,10.64,"10,644,851",112492.0,112.49,"112,492",94.63,94.63,86.0,94.0,37093565854.0437,"37,093,565,854",3426.43483328923,"3,426",2024.0,103.0,135.0,HNL,HNL,Honduran lempira,Spanish,https://flagcdn.com/hn.svg,https://flagcdn.com/w320/hn.png,🇭🇳
Hungary,HU,HUN,348,Budapest,47.5,19.08,Europe,EU,Eastern Europe,9686463,2023.0,9.69,"9,686,463",93025.0,93.02,"93,025",104.13,104.13,94.0,83.0,222904723252.11,"222,904,723,252",23310.7512733957,"23,311",2024.0,56.0,54.0,HUF,HUF,Hungarian forint,Hungarian,https://flagcdn.com/hu.svg,https://flagcdn.com/w320/hu.png,🇭🇺
Iceland,IS,ISL,352,Reykjavík,64.15,-21.95,Europe,EU,Northern Europe,387558,2023.0,0.39,"387,558",103000.0,103.0,103,3.76,3.76,171.0,188.0,33462807982.85,"33,462,807,983",82703.8579937471,"82,704",2024.0,107.0,10.0,ISK,ISK,Icelandic króna,Icelandic,https://flagcdn.com/is.svg,https://flagcdn.com/w320/is.png,🇮🇸
India,IN,IND,356,New Delhi,28.6,77.2,Asia,AS,Southern Asia,1438069596,2023.0,1438.07,"1,438,069,596",3287263.0,3287.26,"3,287,263",437.47,437.47,1.0,17.0,3912686168582.21,"3,912,686,168,582",2696.66389984463,"2,697",2024.0,5.0,141.0,INR,₹,Indian rupee,"English, Hindi, Tamil",https://flagcdn.com/in.svg,https://flagcdn.com/w320/in.png,🇮🇳
Indonesia,ID,IDN,360,Jakarta,-6.17,106.82,Asia,AS,South-eastern Asia,281190067,2023.0,281.19,"281,190,067",1904569.0,1904.57,"1,904,569",147.64,147.64,4.0,59.0,1396300098190.97,"1,396,300,098,191",4925.43048751861,"4,925",2024.0,17.0,117.0,IDR,IDR,Indonesian rupiah,Indonesian,https://flagcdn.com/id.svg,https://flagcdn.com/w320/id.png,🇮🇩
Iran,IR,IRN,364,Tehran,35.7,51.42,Asia,AS,Southern Asia,90608707,2023.0,90.61,"90,608,707",1648195.0,1648.2,"1,648,195",54.97,54.97,16.0,126.0,436906331671859,"436,906,331,672",4771.40029026226,"4,771",2024.0,38.0,120.0,IRR,IRR,Iranian rial,Persian (Farsi),https://flagcdn.com/ir.svg,https://flagcdn.com/w320/ir.png,🇮🇷
Iraq,IQ,IRQ,368,Baghdad,33.33,44.4,Asia,AS,Western Asia,45074049,2023.0,45.07,"45,074,049",438317.0,438.32,"438,317",102.83,102.83,34.0,85.0,279641257615385,"279,641,257,615",6073.61032342708,"6,074",2024.0,52.0,112.0,IQD,IQD,Iraqi dinar,"Arabic, Aramaic, Sorani",https://flagcdn.com/iq.svg,https://flagcdn.com/w320/iq.png,🇮🇶
Ireland,IE,IRL,372,Dublin,53.32,-6.23,Europe,EU,Northern Europe,5196630,2023.0,5.2,"5,196,630",70273.0,70.27,"70,273",73.95,73.95,120.0,111.0,577389475009922,"577,389,475,010",107316.337306921,"107,316",2024.0,26.0,4.0,EUR,€,Euro,"English, Irish",https://flagcdn.com/ie.svg,https://flagcdn.com/w320/ie.png,🇮🇪
Israel,IL,ISR,376,Jerusalem,31.77,35.23,Asia,AS,Western Asia,9256314,2023.0,9.26,"9,256,314",21937.0,21.94,"21,937",421.95,421.95,96.0,19.0,540379921261681,"540,379,921,262",54176.6844383302,"54,177",2024.0,28.0,21.0,ILS,₪,Israeli new shekel,"Arabic, Hebrew",https://flagcdn.com/il.svg,https://flagcdn.com/w320/il.png,🇮🇱
Italy,IT,ITA,380,Rome,41.9,12.48,Europe,EU,Southern Europe,59499453,2023.0,59.5,"59,499,453",302068.0,302.07,"302,068",196.97,196.97,24.0,50.0,2372774547793.12,"2,372,774,547,793",40226.0472416173,"40,226",2024.0,9.0,30.0,EUR,€,Euro,"Catalan, Italian",https://flagcdn.com/it.svg,https://flagcdn.com/w320/it.png,🇮🇹
Jamaica,JM,JAM,388,Kingston,17.99702,-76.79358,North America,NA,Caribbean,2839786,2023.0,2.84,"2,839,786",10991.0,10.99,"10,991",258.37,258.37,139.0,36.0,19930288337028,"19,930,288,337",7019.74634780454,"7,02",2024.0,129.0,102.0,JMD,JMD,Jamaican dollar,"English, Jamaican Patois",https://flagcdn.com/jm.svg,https://flagcdn.com/w320/jm.png,🇯🇲
Japan,JP,JPN,392,Tokyo,35.68,139.75,Asia,AS,Eastern Asia,124370947,2023.0,124.37,"124,370,947",377915.0,377.92,"377,915",329.1,329.10,12.0,26.0,4026210821146.81,"4,026,210,821,147",32475.8924992191,"32,476",2024.0,4.0,38.0,JPY,¥,Japanese yen,Japanese,https://flagcdn.com/jp.svg,https://flagcdn.com/w320/jp.png,🇯🇵
Jordan,JO,JOR,400,Amman,31.95,35.93,Asia,AS,Western Asia,11439213,2023.0,11.44,"11,439,213",89318.0,89.32,"89,318",128.07,128.07,82.0,67.0,53352289577.4648,"53,352,289,577",4618.09592498567,"4,618",2024.0,91.0,122.0,JOD,JOD,Jordanian dinar,Arabic,https://flagcdn.com/jo.svg,https://flagcdn.com/w320/jo.png,🇯🇴
Kazakhstan,KZ,KAZ,398,Astana,51.16,71.45,Asia,AS,Central Asia,20330104,2023.0,20.33,"20,330,104",2724910.0,2724.91,"2,724,910",7.46,7.46,62.0,181.0,288406138230669,"288,406,138,231",14005.3487362345,"14,005",2024.0,51.0,70.0,KZT,KZT,Kazakhstani tenge,"Kazakh, Russian",https://flagcdn.com/kz.svg,https://flagcdn.com/w320/kz.png,🇰🇿
Kenya,KE,KEN,404,Nairobi,-1.28,36.82,Africa,AF,Eastern Africa,55339003,2023.0,55.34,"55,339,003",580367.0,580.37,"580,367",95.35,95.35,25.0,92.0,124498691699125,"124,498,691,699",2206.1349785176,"2,206",2024.0,65.0,150.0,KES,KES,Kenyan shilling,"English, Swahili",https://flagcdn.com/ke.svg,https://flagcdn.com/w320/ke.png,🇰🇪
Kiribati,KI,KIR,296,South Tarawa,1.33,172.98,Oceania,OC,Micronesia,132530,2023.0,0.13,"132,53",811.0,0.81,811,163.42,163.42,176.0,56.0,307862546.789627,"307,862,547",2288.63458265531,"2,289",2024.0,188.0,149.0,AUD,A$,Australian dollar,"English, Gilbertese",https://flagcdn.com/ki.svg,https://flagcdn.com/w320/ki.png,🇰🇮
Kuwait,KW,KWT,414,Kuwait City,29.37,47.97,Asia,AS,Western Asia,4838782,2023.0,4.84,"4,838,782",17818.0,17.82,"17,818",271.57,271.57,126.0,34.0,160227273001348,"160,227,273,001",32213.8622292316,"32,214",2024.0,60.0,39.0,KWD,KWD,Kuwaiti dinar,Arabic,https://flagcdn.com/kw.svg,https://flagcdn.com/w320/kw.png,🇰🇼
Kyrgyzstan,KG,KGZ,417,Bishkek,42.87,74.6,Asia,AS,Central Asia,7073516,2023.0,7.07,"7,073,516",199949.0,199.95,"199,949",35.38,35.38,104.0,142.0,17478259659.2625,"17,478,259,659",2419.26553574523,"2,419",2024.0,134.0,147.0,KGS,KGS,Kyrgyz som,"Kyrgyz, Russian",https://flagcdn.com/kg.svg,https://flagcdn.com/w320/kg.png,🇰🇬
Laos,LA,LAO,418,Vientiane,17.97,102.6,Asia,AS,South-eastern Asia,7664993,2023.0,7.66,"7,664,993",236800.0,236.8,"236,8",32.37,32.37,101.0,143.0,16502933121.0806,"16,502,933,121",2123.97909411797,"2,124",2024.0,138.0,153.0,LAK,LAK,Lao kip,Lao,https://flagcdn.com/la.svg,https://flagcdn.com/w320/la.png,🇱🇦
Latvia,LV,LVA,428,Riga,56.95,24.1,Europe,EU,Northern Europe,1882396,2023.0,1.88,"1,882,396",64594.0,64.59,"64,594",29.14,29.14,146.0,148.0,43520773851.1219,"43,520,773,851",23367.5986788961,"23,368",2024.0,100.0,53.0,EUR,€,Euro,Latvian,https://flagcdn.com/lv.svg,https://flagcdn.com/w320/lv.png,🇱🇻
Lebanon,LB,LBN,422,Beirut,33.87,35.5,Asia,AS,Western Asia,5733493,2023.0,5.73,"5,733,493",10452.0,10.45,"10,452",548.55,548.55,113.0,12.0,20078620356.9931,"20,078,620,357",3477.72489842684,"3,478",2023.0,127.0,134.0,LBP,LBP,Lebanese pound,"Arabic, French",https://flagcdn.com/lb.svg,https://flagcdn.com/w320/lb.png,🇱🇧
Lesotho,LS,LSO,426,Maseru,-29.32,27.48,Africa,AF,Southern Africa,2311472,2023.0,2.31,"2,311,472",30355.0,30.36,"30,355",76.15,76.15,144.0,109.0,2271541845.62002,"2,271,541,846",971.814620468788,972,2024.0,171.0,176.0,LSL,LSL,Lesotho loti,"English, Sotho",https://flagcdn.com/ls.svg,https://flagcdn.com/w320/ls.png,🇱🇸
Liberia,LR,LBR,430,Monrovia,6.3,-10.8,Africa,AF,Western Africa,5493031,2023.0,5.49,"5,493,031",111369.0,111.37,"111,369",49.32,49.32,118.0,133.0,4750000000.0,"4,750,000,000",846.277368387389,846,2024.0,161.0,180.0,LRD,LRD,Liberian dollar,English,https://flagcdn.com/lr.svg,https://flagcdn.com/w320/lr.png,🇱🇷
Libya,LY,LBY,434,Tripoli,32.88,13.17,Africa,AF,Northern Africa,7305659,2023.0,7.31,"7,305,659",1759540.0,1759.54,"1,759,540",4.15,4.15,103.0,184.0,46636278901.9016,"46,636,278,902",6318.40314031017,"6,318",2024.0,96.0,108.0,LYD,LYD,Libyan dinar,Arabic,https://flagcdn.com/ly.svg,https://flagcdn.com/w320/ly.png,🇱🇾
Liechtenstein,LI,LIE,438,Vaduz,47.13,9.52,Europe,EU,Western Europe,39598,2023.0,0.04,"39,598",160.0,0.16,160,247.49,247.49,186.0,39.0,8287748667.20832,"8,287,748,667",207973.617746758,"207,974",2023.0,154.0,2.0,CHF,CHF,Swiss franc,German,https://flagcdn.com/li.svg,https://flagcdn.com/w320/li.png,🇱🇮
Lithuania,LT,LTU,440,Vilnius,54.68,25.32,Europe,EU,Northern Europe,2854099,2023.0,2.85,"2,854,099",65286.0,65.29,"65,286",43.72,43.72,138.0,137.0,84869215513.3648,"84,869,215,513",29386.2878350187,"29,386",2024.0,79.0,44.0,EUR,€,Euro,Lithuanian,https://flagcdn.com/lt.svg,https://flagcdn.com/w320/lt.png,🇱🇹
Luxembourg,LU,LUX,442,Luxembourg,49.6,6.12,Europe,EU,Western Europe,665098,2023.0,0.67,"665,098",2586.0,2.59,"2,586",257.19,257.19,162.0,37.0,93197329011.7078,"93,197,329,012",137516.587324367,"137,517",2024.0,74.0,3.0,EUR,€,Euro,"French, German, Luxembourgish",https://flagcdn.com/lu.svg,https://flagcdn.com/w320/lu.png,🇱🇺
Madagascar,MG,MDG,450,Antananarivo,-18.92,47.52,Africa,AF,Eastern Africa,31195932,2023.0,31.2,"31,195,932",587041.0,587.04,"587,041",53.14,53.14,48.0,128.0,17420814800.7045,"17,420,814,801",544.997302693127,545,2024.0,135.0,188.0,MGA,MGA,Malagasy ariary,"French, Malagasy",https://flagcdn.com/mg.svg,https://flagcdn.com/w320/mg.png,🇲🇬
Malawi,MW,MWI,454,Lilongwe,-13.97,33.78,Africa,AF,Eastern Africa,21104482,2023.0,21.1,"21,104,482",118484.0,118.48,"118,484",178.12,178.12,60.0,52.0,11008925322.5134,"11,008,925,323",508.371273531708,508,2024.0,150.0,190.0,MWK,MWK,Malawian kwacha,"Chewa, English",https://flagcdn.com/mw.svg,https://flagcdn.com/w320/mw.png,🇲🇼
Malaysia,MY,MYS,458,Kuala Lumpur,3.17,101.7,Asia,AS,South-eastern Asia,35126298,2023.0,35.13,"35,126,298",330621.0,330.62,"330,621",106.24,106.24,43.0,81.0,421972102253.57,"421,972,102,254",11867.2586435443,"11,867",2024.0,40.0,79.0,MYR,MYR,Malaysian ringgit,"English, Malay",https://flagcdn.com/my.svg,https://flagcdn.com/w320/my.png,🇲🇾
Maldives,MV,MDV,462,Malé,4.17,73.51,Asia,AS,Southern Asia,525994,2023.0,0.53,"525,994",300.0,0.3,300,1753.31,"1,753.31",166.0,4.0,6975146349.42592,"6,975,146,349",13215.5353637008,"13,216",2024.0,158.0,75.0,MVR,MVR,Maldivian rufiyaa,Maldivian,https://flagcdn.com/mv.svg,https://flagcdn.com/w320/mv.png,🇲🇻
Mali,ML,MLI,466,Bamako,12.65,-8.0,Africa,AF,Western Africa,23769127,2023.0,23.77,"23,769,127",1240192.0,1240.19,"1,240,192",19.17,19.17,56.0,165.0,26588067731.1692,"26,588,067,731",1086.1762176779,"1,086",2024.0,112.0,167.0,XOF,F CFA,West African CFA franc,French,https://flagcdn.com/ml.svg,https://flagcdn.com/w320/ml.png,🇲🇱
Malta,MT,MLT,470,Valletta,35.88,14.5,Europe,EU,Southern Europe,532956,2023.0,0.53,"532,956",315.0,0.32,315,1691.92,"1,691.92",165.0,5.0,24322006607.9295,"24,322,006,608",42347.3073860173,"42,347",2024.0,119.0,29.0,EUR,€,Euro,"English, Maltese",https://flagcdn.com/mt.svg,https://flagcdn.com/w320/mt.png,🇲🇹
Marshall Islands,MH,MHL,584,Majuro,7.1,171.38,Oceania,OC,Micronesia,38827,2023.0,0.04,"38,827",181.0,0.18,181,214.51,214.51,188.0,46.0,280357844.229802,"280,357,844",7466.65186507409,"7,467",2024.0,190.0,98.0,USD,$,United States dollar,"English, Marshallese",https://flagcdn.com/mh.svg,https://flagcdn.com/w320/mh.png,🇲🇭
Mauritania,MR,MRT,478,Nouakchott,18.07,-15.97,Africa,AF,Western Africa,5022441,2023.0,5.02,"5,022,441",1030700.0,1030.7,"1,030,700",4.87,4.87,125.0,182.0,10766731873.5407,"10,766,731,874",2082.78374423714,"2,083",2024.0,151.0,155.0,MRU,MRU,Mauritanian ouguiya,Arabic,https://flagcdn.com/mr.svg,https://flagcdn.com/w320/mr.png,🇲🇷
Mauritius,MU,MUS,480,Port Louis,-20.15,57.48,Africa,AF,Eastern Africa,1273588,2023.0,1.27,"1,273,588",2096.0,2.1,"2,096",607.63,607.63,154.0,9.0,14952555414.8553,"14,952,555,415",11871.733679438,"11,872",2024.0,142.0,77.0,MUR,MUR,Mauritian rupee,"English, French, Mauritian Creole",https://flagcdn.com/mu.svg,https://flagcdn.com/w320/mu.png,🇲🇺
Mexico,MX,MEX,484,Mexico City,19.43,-99.13,North America,NA,Central America,129739759,2023.0,129.74,"129,739,759",1964375.0,1964.38,"1,964,375",66.05,66.05,10.0,116.0,1852722885258.11,"1,852,722,885,258",14157.9445835849,"14,158",2024.0,13.0,69.0,MXN,MX$,Mexican peso,Spanish,https://flagcdn.com/mx.svg,https://flagcdn.com/w320/mx.png,🇲🇽
Micronesia,FM,FSM,583,Palikir,6.92,158.15,Oceania,OC,Micronesia,112630,2023.0,0.11,"112,63",702.0,0.7,702,160.44,160.44,179.0,57.0,471425099.488675,"471,425,099",4166.00476748564,"4,166",2024.0,187.0,126.0,USD,$,United States dollar,English,https://flagcdn.com/fm.svg,https://flagcdn.com/w320/fm.png,🇫🇲
Moldova,MD,MDA,498,Chișinău,47.01,28.9,Europe,EU,Eastern Europe,3067070,2023.0,3.07,"3,067,070",33847.0,33.85,"33,847",90.62,90.62,134.0,97.0,18200340853.6517,"18,200,340,854",7617.51613089815,"7,618",2024.0,133.0,97.0,MDL,MDL,Moldovan leu,Romanian,https://flagcdn.com/md.svg,https://flagcdn.com/w320/md.png,🇲🇩
Monaco,MC,MCO,492,Monaco,43.73,7.42,Europe,EU,Western Europe,38956,2023.0,0.04,"38,956",2.0,0.0,2,19478.0,"19,478.00",187.0,1.0,9995350547.12166,"9,995,350,547",256580.515122745,"256,581",2023.0,152.0,1.0,EUR,€,Euro,French,https://flagcdn.com/mc.svg,https://flagcdn.com/w320/mc.png,🇲🇨
Mongolia,MN,MNG,496,Ulaanbaatar,47.92,106.91,Asia,AS,Eastern Asia,3431932,2023.0,3.43,"3,431,932",1564116.0,1564.12,"1,564,116",2.19,2.19,131.0,191.0,23586055802.4517,"23,586,055,802",6691.48209834228,"6,691",2024.0,120.0,105.0,MNT,MNT,Mongolian tögrög,Mongolian,https://flagcdn.com/mn.svg,https://flagcdn.com/w320/mn.png,🇲🇳
Montenegro,ME,MNE,499,Podgorica,42.43,19.27,Europe,EU,Southern Europe,633552,2023.0,0.63,"633,552",13812.0,13.81,"13,812",45.87,45.87,163.0,135.0,8069536125.80285,"8,069,536,126",12935.4522712126,"12,935",2024.0,155.0,76.0,EUR,€,Euro,Montenegrin,https://flagcdn.com/me.svg,https://flagcdn.com/w320/me.png,🇲🇪
Morocco,MA,MAR,504,Rabat,34.02,-6.82,Africa,AF,Northern Africa,37712505,2023.0,37.71,"37,712,505",446550.0,446.55,"446,55",84.45,84.45,40.0,100.0,154430996472752,"154,430,996,473",3993.38745117188,"3,993",2024.0,61.0,128.0,MAD,MAD,Moroccan dirham,"Arabic, Berber",https://flagcdn.com/ma.svg,https://flagcdn.com/w320/ma.png,🇲🇦
Mozambique,MZ,MOZ,508,Maputo,-25.95,32.58,Africa,AF,Eastern Africa,33635160,2023.0,33.64,"33,635,160",799380.0,799.38,"799,38",42.08,42.08,46.0,138.0,22416650343.4786,"22,416,650,343",647.28579950207,647,2024.0,122.0,185.0,MZN,MZN,Mozambican metical,Portuguese,https://flagcdn.com/mz.svg,https://flagcdn.com/w320/mz.png,🇲🇿
Myanmar,MM,MMR,104,Naypyidaw,19.76,96.07,Asia,AS,South-eastern Asia,54133798,2023.0,54.13,"54,133,798",676578.0,676.58,"676,578",80.01,80.01,26.0,103.0,74079772652.4286,"74,079,772,652",1359.25961394135,"1,359",2024.0,85.0,163.0,MMK,MMK,Burmese kyat,Burmese,https://flagcdn.com/mm.svg,https://flagcdn.com/w320/mm.png,🇲🇲
Namibia,NA,NAM,516,Windhoek,-22.57,17.08,Africa,AF,Southern Africa,2963095,2023.0,2.96,"2,963,095",824292.0,824.29,"824,292",3.59,3.59,136.0,189.0,13372354268.5446,"13,372,354,269",4413.1274418646,"4,413",2024.0,146.0,124.0,NAD,NAD,Namibian dollar,"Afrikaans, English, German, Herero, Khoekhoe, Kwangali, Lozi, Ndonga, Tswana",https://flagcdn.com/na.svg,https://flagcdn.com/w320/na.png,🇳🇦
Nauru,NR,NRU,520,Yaren,-0.55,166.92,Oceania,OC,Polynesia,11875,2023.0,0.01,"11,875",21.0,0.02,21,565.48,565.48,191.0,10.0,160350639.549467,"160,350,640",13421.8330584638,"13,422",2024.0,191.0,73.0,AUD,A$,Australian dollar,"English, Nauru",https://flagcdn.com/nr.svg,https://flagcdn.com/w320/nr.png,🇳🇷
Nepal,NP,NPL,524,Kathmandu,27.72,85.32,Asia,AS,Southern Asia,29964614,2023.0,29.96,"29,964,614",147181.0,147.18,"147,181",203.59,203.59,50.0,48.0,42914268286.7109,"42,914,268,287",1447.31004458428,"1,447",2024.0,101.0,162.0,NPR,NPR,Nepalese rupee,Nepali,https://flagcdn.com/np.svg,https://flagcdn.com/w320/np.png,🇳🇵
Netherlands,NL,NLD,528,Amsterdam,52.35,4.92,Europe,EU,Western Europe,18092524,2023.0,18.09,"18,092,524",41865.0,41.86,"41,865",432.16,432.16,68.0,18.0,1227543925316.41,"1,227,543,925,316",68218.7261019406,"68,219",2024.0,20.0,13.0,EUR,€,Euro,Dutch,https://flagcdn.com/nl.svg,https://flagcdn.com/w320/nl.png,🇳🇱
New Zealand,NZ,NZL,554,Wellington,-41.3,174.78,Oceania,OC,Australia and New Zealand,5172836,2023.0,5.17,"5,172,836",268838.0,268.84,"268,838",19.24,19.24,121.0,163.0,260235932558996,"260,235,932,559",48747.0136853042,"48,747",2024.0,54.0,26.0,NZD,NZ$,New Zealand dollar,"English, Māori, New Zealand Sign Language",https://flagcdn.com/nz.svg,https://flagcdn.com/w320/nz.png,🇳🇿
Nicaragua,NI,NIC,558,Managua,12.13,-86.25,North America,NA,Central America,6823613,2023.0,6.82,"6,823,613",130373.0,130.37,"130,373",52.34,52.34,106.0,129.0,19693982967.5926,"19,693,982,968",2847.53966339498,"2,848",2024.0,130.0,139.0,NIO,NIO,Nicaraguan córdoba,Spanish,https://flagcdn.com/ni.svg,https://flagcdn.com/w320/ni.png,🇳🇮
Niger,NE,NER,562,Niamey,13.52,2.12,Africa,AF,Western Africa,26159867,2023.0,26.16,"26,159,867",1267000.0,1267.0,"1,267,000",20.65,20.65,55.0,160.0,19537639288.0633,"19,537,639,288",722.748650326257,723,2024.0,131.0,182.0,XOF,F CFA,West African CFA franc,French,https://flagcdn.com/ne.svg,https://flagcdn.com/w320/ne.png,🇳🇪
Nigeria,NG,NGA,566,Abuja,9.08,7.53,Africa,AF,Western Africa,227882945,2023.0,227.88,"227,882,945",923768.0,923.77,"923,768",246.69,246.69,6.0,40.0,187759703099801,"187,759,703,100",806.945695055244,807,2024.0,59.0,181.0,NGN,NGN,Nigerian naira,English,https://flagcdn.com/ng.svg,https://flagcdn.com/w320/ng.png,🇳🇬
North Korea,KP,PRK,408,Pyongyang,39.02,125.75,Asia,AS,Eastern Asia,26418204,2023.0,26.42,"26,418,204",120538.0,120.54,"120,538",219.17,219.17,54.0,44.0,,,,,,,,,,,Korean,https://flagcdn.com/kp.svg,https://flagcdn.com/w320/kp.png,🇰🇵
North Macedonia,MK,MKD,807,Skopje,42.0,21.43,Europe,EU,Southern Europe,1831802,2023.0,1.83,"1,831,802",25713.0,25.71,"25,713",71.24,71.24,148.0,113.0,16685236492.0675,"16,685,236,492",9310.02790015256,"9,31",2024.0,137.0,86.0,MKD,MKD,Macedonian denar,Macedonian,https://flagcdn.com/mk.svg,https://flagcdn.com/w320/mk.png,🇲🇰
Norway,NO,NOR,578,Oslo,59.92,10.75,Europe,EU,Northern Europe,5519167,2023.0,5.52,"5,519,167",386224.0,386.22,"386,224",14.29,14.29,115.0,176.0,483727398216364,"483,727,398,216",86809.7246897431,"86,81",2024.0,32.0,7.0,NOK,NOK,Norwegian krone,"Norwegian Bokmål, Norwegian Nynorsk, Sami",https://flagcdn.com/no.svg,https://flagcdn.com/w320/no.png,🇳🇴
Norway,NO,NOR,578,Oslo,59.92,10.75,Europe,EU,Northern Europe,5519167,2023.0,5.52,"5,519,167",323802.0,323.8,"323,802",17.04,17.04,115.0,168.0,483727398216364,"483,727,398,216",86809.7246897431,"86,81",2024.0,32.0,7.0,NOK,NOK,Norwegian krone,"Norwegian Bokmål, Norwegian Nynorsk, Sami",https://flagcdn.com/no.svg,https://flagcdn.com/w320/no.png,🇳🇴
Oman,OM,OMN,512,Muscat,23.62,58.58,Asia,AS,Western Asia,5049269,2023.0,5.05,"5,049,269",309500.0,309.5,"309,5",16.31,16.31,124.0,172.0,106942782834.85,"106,942,782,835",20248.4168124608,"20,248",2024.0,71.0,56.0,OMR,OMR,Omani rial,Arabic,https://flagcdn.com/om.svg,https://flagcdn.com/w320/om.png,🇴🇲
Pakistan,PK,PAK,586,Islamabad,33.68,73.05,Asia,AS,Southern Asia,247504495,2023.0,247.5,"247,504,495",882363.0,882.36,"882,363",280.5,280.50,5.0,32.0,373071855731539,"373,071,855,732",1484.74985864775,"1,485",2024.0,45.0,161.0,PKR,PKR,Pakistani rupee,"English, Urdu",https://flagcdn.com/pk.svg,https://flagcdn.com/w320/pk.png,🇵🇰
Palau,PW,PLW,585,Ngerulmud,7.5,134.62,Oceania,OC,Micronesia,17727,2023.0,0.02,"17,727",459.0,0.46,459,38.62,38.62,190.0,140.0,281849100.0,"281,849,100",15899.4246065324,"15,899",2023.0,189.0,65.0,USD,$,United States dollar,"English, Palauan",https://flagcdn.com/pw.svg,https://flagcdn.com/w320/pw.png,🇵🇼
Palestine,PS,PSE,275,Jerusalem,31.9,35.2,Asia,AS,Western Asia,5409202,2023.0,5.41,"5,409,202",6020.0,6.02,"6,02",898.54,898.54,119.0,7.0,13711100000.0,"13,711,100,000",2592.30591217647,"2,592",2024.0,145.0,145.0,ILS,₪,Israeli new shekel,Arabic,https://flagcdn.com/ps.svg,https://flagcdn.com/w320/ps.png,🇵🇸
Panama,PA,PAN,591,Panama City,8.97,-79.53,North America,NA,Central America,4458759,2023.0,4.46,"4,458,759",75320.0,75.32,"75,32",59.2,59.20,127.0,124.0,86260400000.0,"86,260,400,000",19102.8521936399,"19,103",2024.0,78.0,59.0,PAB,PAB,Panamanian balboa,Spanish,https://flagcdn.com/pa.svg,https://flagcdn.com/w320/pa.png,🇵🇦
Papua New Guinea,PG,PNG,598,Port Moresby,-9.45,147.18,Oceania,OC,Melanesia,10389635,2023.0,10.39,"10,389,635",462840.0,462.84,"462,84",22.45,22.45,91.0,159.0,32538480023.9998,"32,538,480,024",3076.48786186584,"3,076",2024.0,108.0,138.0,PGK,PGK,Papua New Guinean kina,"English, Hiri Motu, Tok Pisin",https://flagcdn.com/pg.svg,https://flagcdn.com/w320/pg.png,🇵🇬
Paraguay,PY,PRY,600,Asunción,-25.28,-57.57,South America,SA,South America,6844146,2023.0,6.84,"6,844,146",406752.0,406.75,"406,752",16.83,16.83,105.0,169.0,44458118399.6669,"44,458,118,400",6416.09709002917,"6,416",2024.0,98.0,106.0,PYG,PYG,Paraguayan guaraní,"Guaraní, Spanish",https://flagcdn.com/py.svg,https://flagcdn.com/w320/py.png,🇵🇾
Peru,PE,PER,604,Lima,-12.05,-77.05,South America,SA,South America,33845617,2023.0,33.85,"33,845,617",1285216.0,1285.22,"1,285,216",26.33,26.33,44.0,154.0,289221969059853,"289,221,969,060",8452.37167047598,"8,452",2024.0,50.0,91.0,PEN,PEN,Peruvian sol,"Aymara, Quechua, Spanish",https://flagcdn.com/pe.svg,https://flagcdn.com/w320/pe.png,🇵🇪
Philippines,PH,PHL,608,Manila,14.6,120.97,Asia,AS,South-eastern Asia,114891199,2023.0,114.89,"114,891,199",300000.0,300.0,300,382.97,382.97,13.0,23.0,461617509782355,"461,617,509,782",3984.8315387656,"3,985",2024.0,36.0,129.0,PHP,₱,Philippine peso,"English, Filipino",https://flagcdn.com/ph.svg,https://flagcdn.com/w320/ph.png,🇵🇭
Poland,PL,POL,616,Warsaw,52.25,21.0,Europe,EU,Eastern Europe,38762844,2023.0,38.76,"38,762,844",312685.0,312.68,"312,685",123.97,123.97,38.0,70.0,914696430325391,"914,696,430,325",25022.6716445953,"25,023",2024.0,22.0,48.0,PLN,PLN,Polish złoty,Polish,https://flagcdn.com/pl.svg,https://flagcdn.com/w320/pl.png,🇵🇱
Portugal,PT,PRT,620,Lisbon,38.72,-9.13,Europe,EU,Southern Europe,10430738,2023.0,10.43,"10,430,738",92225.0,92.22,"92,225",113.1,113.10,89.0,77.0,308683317392.68,"308,683,317,393",28844.4979246799,"28,844",2024.0,48.0,45.0,EUR,€,Euro,Portuguese,https://flagcdn.com/pt.svg,https://flagcdn.com/w320/pt.png,🇵🇹
Qatar,QA,QAT,634,Doha,25.28,51.53,Asia,AS,Western Asia,2979082,2023.0,2.98,"2,979,082",11586.0,11.59,"11,586",257.13,257.13,135.0,38.0,217982967032967,"217,982,967,033",76275.9076782833,"76,276",2024.0,57.0,11.0,QAR,QAR,Qatari riyal,Arabic,https://flagcdn.com/qa.svg,https://flagcdn.com/w320/qa.png,🇶🇦
Romania,RO,ROU,642,Bucharest,44.43,26.1,Europe,EU,Eastern Europe,19118479,2023.0,19.12,"19,118,479",238398.0,238.4,"238,398",80.2,80.20,65.0,102.0,382767571329158,"382,767,571,329",20072.4079244042,"20,072",2024.0,44.0,57.0,RON,RON,Romanian leu,Romanian,https://flagcdn.com/ro.svg,https://flagcdn.com/w320/ro.png,🇷🇴
Russia,RU,RUS,643,Moscow,55.75,37.6,Europe,EU,Eastern Europe,145440500,2023.0,145.44,"145,440,500",17098246.0,17098.25,"17,098,246",8.51,8.51,9.0,179.0,2173835806671.66,"2,173,835,806,672",14889.0185546875,"14,889",2024.0,12.0,67.0,RUB,RUB,Russian ruble,Russian,https://flagcdn.com/ru.svg,https://flagcdn.com/w320/ru.png,🇷🇺
Rwanda,RW,RWA,646,Kigali,-1.95,30.05,Africa,AF,Eastern Africa,13954471,2023.0,13.95,"13,954,471",26338.0,26.34,"26,338",529.82,529.82,75.0,13.0,14251642231.4932,"14,251,642,231",999.654561402699,1,2024.0,143.0,173.0,RWF,RWF,Rwandan franc,"English, French, Kinyarwanda",https://flagcdn.com/rw.svg,https://flagcdn.com/w320/rw.png,🇷🇼
Saint Kitts and Nevis,KN,KNA,659,Basseterre,17.3,-62.72,North America,NA,Caribbean,46758,2023.0,0.05,"46,758",261.0,0.26,261,179.15,179.15,185.0,51.0,1066681481.48148,"1,066,681,481",22771.4168922033,"22,771",2024.0,184.0,55.0,XCD,EC$,Eastern Caribbean dollar,English,https://flagcdn.com/kn.svg,https://flagcdn.com/w320/kn.png,🇰🇳
Saint Lucia,LC,LCA,662,Castries,14.0,-61.0,North America,NA,Caribbean,179285,2023.0,0.18,"179,285",616.0,0.62,616,291.05,291.05,175.0,30.0,2549062962.96296,"2,549,062,963",14181.6303351598,"14,182",2024.0,169.0,68.0,XCD,EC$,Eastern Caribbean dollar,English,https://flagcdn.com/lc.svg,https://flagcdn.com/w320/lc.png,🇱🇨
Saint Vincent and the Grenadines,VC,VCT,670,Kingstown,13.13,-61.22,North America,NA,Caribbean,101323,2023.0,0.1,"101,323",389.0,0.39,389,260.47,260.47,181.0,35.0,1157207407.40741,"1,157,207,407",11501.2265187188,"11,501",2024.0,182.0,80.0,XCD,EC$,Eastern Caribbean dollar,English,https://flagcdn.com/vc.svg,https://flagcdn.com/w320/vc.png,🇻🇨
Samoa,WS,WSM,882,Apia,-13.82,-171.77,Oceania,OC,Polynesia,216663,2023.0,0.22,"216,663",2842.0,2.84,"2,842",76.24,76.24,174.0,108.0,1068025243.63929,"1,068,025,244",4898.77140817676,"4,899",2024.0,183.0,118.0,WST,WST,Samoan tālā,"English, Samoan",https://flagcdn.com/ws.svg,https://flagcdn.com/w320/ws.png,🇼🇸
San Marino,SM,SMR,674,San Marino,43.94,12.45,Europe,EU,Southern Europe,33733,2023.0,0.03,"33,733",61.0,0.06,61,553.0,553.00,189.0,11.0,1831700577.08904,"1,831,700,577",54264.570495898,"54,265",2022.0,177.0,20.0,EUR,€,Euro,Italian,https://flagcdn.com/sm.svg,https://flagcdn.com/w320/sm.png,🇸🇲
Saudi Arabia,SA,SAU,682,Riyadh,24.65,46.7,Asia,AS,Western Asia,32264292,2023.0,32.26,"32,264,292",2149690.0,2149.69,"2,149,690",15.01,15.01,47.0,175.0,1237529866666.67,"1,237,529,866,667",35057.2252306969,"35,057",2024.0,19.0,34.0,SAR,SAR,Saudi riyal,Arabic,https://flagcdn.com/sa.svg,https://flagcdn.com/w320/sa.png,🇸🇦
Senegal,SN,SEN,686,Dakar,14.73,-17.63,Africa,AF,Western Africa,18077573,2023.0,18.08,"18,077,573",196712.0,196.71,"196,712",91.9,91.90,69.0,96.0,32267254425052,"32,267,254,425",1743.98888384359,"1,744",2024.0,109.0,158.0,XOF,F CFA,West African CFA franc,French,https://flagcdn.com/sn.svg,https://flagcdn.com/w320/sn.png,🇸🇳
Serbia,RS,SRB,688,Belgrade,44.83,20.5,Europe,EU,Southern Europe,6773201,2023.0,6.77,"6,773,201",88499.0,88.5,"88,499",76.53,76.53,108.0,107.0,89083506277.2344,"89,083,506,277",13523.7246826854,"13,524",2024.0,76.0,72.0,RSD,RSD,Serbian dinar,Serbian,https://flagcdn.com/rs.svg,https://flagcdn.com/w320/rs.png,🇷🇸
Seychelles,SC,SYC,690,Victoria,-4.62,55.45,Africa,AF,Eastern Africa,127951,2023.0,0.13,"127,951",457.0,0.46,457,279.98,279.98,177.0,33.0,2167239562.46013,"2,167,239,562",17858.8226383978,"17,859",2024.0,173.0,61.0,SCR,SCR,Seychellois rupee,"English, French, Seychellois Creole",https://flagcdn.com/sc.svg,https://flagcdn.com/w320/sc.png,🇸🇨
Sierra Leone,SL,SLE,694,Freetown,8.48,-13.23,Africa,AF,Western Africa,8460512,2023.0,8.46,"8,460,512",72300.0,72.3,"72,3",117.02,117.02,100.0,74.0,7547843281.27425,"7,547,843,281",873.388575182318,873,2024.0,156.0,178.0,SLE,SLE,Sierra Leonean leone,English,https://flagcdn.com/sl.svg,https://flagcdn.com/w320/sl.png,🇸🇱
Singapore,SG,SGP,702,Singapore,1.28,103.85,Asia,AS,South-eastern Asia,5789090,2023.0,5.79,"5,789,090",740.0,0.74,740,7823.09,"7,823.09",112.0,2.0,547386645891847,"547,386,645,892",90674.066632628,"90,674",2024.0,27.0,6.0,SGD,SGD,Singapore dollar,"Chinese, English, Malay, Tamil",https://flagcdn.com/sg.svg,https://flagcdn.com/w320/sg.png,🇸🇬
Slovakia,SK,SVK,703,Bratislava,48.15,17.12,Europe,EU,Eastern Europe,5518055,2023.0,5.52,"5,518,055",49035.0,49.04,"49,035",112.53,112.53,117.0,78.0,141775733420114,"141,775,733,420",26147.9028430133,"26,148",2024.0,62.0,46.0,EUR,€,Euro,Slovak,https://flagcdn.com/sk.svg,https://flagcdn.com/w320/sk.png,🇸🇰
Slovenia,SI,SVN,705,Ljubljana,46.05,14.52,Europe,EU,Southern Europe,2118396,2023.0,2.12,"2,118,396",20273.0,20.27,"20,273",104.49,104.49,145.0,82.0,72485008929.2766,"72,485,008,929",34089.3527652778,"34,089",2024.0,86.0,35.0,EUR,€,Euro,Slovene,https://flagcdn.com/si.svg,https://flagcdn.com/w320/si.png,🇸🇮
Solomon Islands,SB,SLB,90,Honiara,-9.43,159.95,Oceania,OC,Melanesia,800005,2023.0,0.8,"800,005",28896.0,28.9,"28,896",27.69,27.69,160.0,151.0,1760767447.17461,"1,760,767,447",2149.37957267304,"2,149",2024.0,178.0,151.0,SBD,SBD,Solomon Islands dollar,English,https://flagcdn.com/sb.svg,https://flagcdn.com/w320/sb.png,🇸🇧
Somalia,SO,SOM,706,Mogadishu,2.07,45.33,Africa,AF,Eastern Africa,18358615,2023.0,18.36,"18,358,615",637657.0,637.66,"637,657",28.79,28.79,66.0,149.0,12108515109.9996,"12,108,515,110",636.983477589273,637,2024.0,148.0,186.0,SOS,SOS,Somali shilling,"Arabic, Somali",https://flagcdn.com/so.svg,https://flagcdn.com/w320/so.png,🇸🇴
South Africa,ZA,ZAF,710,Pretoria,-25.7,28.22,Africa,AF,Southern Africa,63212384,2023.0,63.21,"63,212,384",1219090.0,1219.09,"1,219,090",51.85,51.85,23.0,130.0,400260724226067,"400,260,724,226",6253.37158194543,"6,253",2024.0,42.0,110.0,ZAR,ZAR,South African rand,"Afrikaans, English, Northern Sotho, Southern Ndebele, Southern Sotho, Swazi, Tsonga, Tswana, Venda, Xhosa, Zulu",https://flagcdn.com/za.svg,https://flagcdn.com/w320/za.png,🇿🇦
South Korea,KR,KOR,410,Seoul,37.55,126.98,Asia,AS,Eastern Asia,51748739,2023.0,51.75,"51,748,739",100432.0,100.43,"100,432",515.26,515.26,28.0,14.0,1712792854202.37,"1,712,792,854,202",33121.3712885508,"33,121",2023.0,16.0,37.0,,,,Korean,https://flagcdn.com/kr.svg,https://flagcdn.com/w320/kr.png,🇰🇷
South Sudan,SS,SSD,728,Juba,4.85,31.62,Africa,AF,Eastern Africa,11483374,2023.0,11.48,"11,483,374",644329.0,644.33,"644,329",17.82,17.82,81.0,167.0,11997800760.2242,"11,997,800,760",1080.14718624765,"1,08",2015.0,149.0,168.0,SSP,SSP,South Sudanese pound,English,https://flagcdn.com/ss.svg,https://flagcdn.com/w320/ss.png,🇸🇸
Spain,ES,ESP,724,Madrid,40.4,-3.68,Europe,EU,Southern Europe,47911579,2023.0,47.91,"47,911,579",505370.0,505.37,"505,37",94.8,94.80,31.0,93.0,1722745978335.16,"1,722,745,978,335",35297.0094995565,"35,297",2024.0,15.0,33.0,EUR,€,Euro,"Basque, Catalan, Galician, Spanish",https://flagcdn.com/es.svg,https://flagcdn.com/w320/es.png,🇪🇸
Sri Lanka,LK,LKA,144,Sri Jayawardenepura Kotte,6.89,79.9,Asia,AS,Southern Asia,22971617,2023.0,22.97,"22,971,617",65610.0,65.61,"65,61",350.12,350.12,59.0,24.0,98963185509.6499,"98,963,185,510",4515.56787322732,"4,516",2024.0,72.0,123.0,LKR,LKR,Sri Lankan rupee,"Sinhala, Tamil",https://flagcdn.com/lk.svg,https://flagcdn.com/w320/lk.png,🇱🇰
Sudan,SD,SDN,729,Khartoum,15.6,32.53,Africa,AF,Northern Africa,50042791,2023.0,50.04,"50,042,791",1861484.0,1861.48,"1,861,484",26.88,26.88,29.0,153.0,49909807029.6996,"49,909,807,030",989.312866210938,989,2024.0,93.0,174.0,SDG,SDG,Sudanese pound,"Arabic, English",https://flagcdn.com/sd.svg,https://flagcdn.com/w320/sd.png,🇸🇩
Suriname,SR,SUR,740,Paramaribo,5.83,-55.17,South America,SA,South America,628886,2023.0,0.63,"628,886",163820.0,163.82,"163,82",3.84,3.84,164.0,186.0,4714267822.2233,"4,714,267,822",7430.70219176443,"7,431",2024.0,162.0,99.0,SRD,SRD,Surinamese dollar,Dutch,https://flagcdn.com/sr.svg,https://flagcdn.com/w320/sr.png,🇸🇷
Sweden,SE,SWE,752,Stockholm,59.33,18.05,Europe,EU,Northern Europe,10551494,2023.0,10.55,"10,551,494",450295.0,450.3,"450,295",23.43,23.43,88.0,158.0,610117791237089,"610,117,791,237",57723.2345031532,"57,723",2024.0,25.0,15.0,SEK,SEK,Swedish krona,Swedish,https://flagcdn.com/se.svg,https://flagcdn.com/w320/se.png,🇸🇪
Switzerland,CH,CHE,756,Bern,46.92,7.47,Europe,EU,Western Europe,8870561,2023.0,8.87,"8,870,561",41291.0,41.29,"41,291",214.83,214.83,99.0,45.0,936564198048516,"936,564,198,049",103669.872008144,"103,67",2024.0,21.0,5.0,CHF,CHF,Swiss franc,"French, Italian, Romansh, Swiss German",https://flagcdn.com/ch.svg,https://flagcdn.com/w320/ch.png,🇨🇭
Syria,SY,SYR,760,Damascus,33.5,36.3,Asia,AS,Western Asia,23594623,2023.0,23.59,"23,594,623",185180.0,185.18,"185,18",127.41,127.41,57.0,68.0,19993439949.5435,"19,993,439,950",847.372723418531,847,2023.0,128.0,179.0,SYP,SYP,Syrian pound,Arabic,https://flagcdn.com/sy.svg,https://flagcdn.com/w320/sy.png,🇸🇾
Tajikistan,TJ,TJK,762,Dushanbe,38.55,68.77,Asia,AS,Central Asia,10389799,2023.0,10.39,"10,389,799",144100.0,144.1,"144,1",72.1,72.10,90.0,112.0,14204575548.5536,"14,204,575,549",1341.20229027672,"1,341",2024.0,144.0,165.0,TJS,TJS,Tajikistani somoni,"Russian, Tajik",https://flagcdn.com/tj.svg,https://flagcdn.com/w320/tj.png,🇹🇯
Thailand,TH,THA,764,Bangkok,13.75,100.52,Asia,AS,South-eastern Asia,71702435,2023.0,71.7,"71,702,435",513120.0,513.12,"513,12",139.74,139.74,19.0,63.0,526411265427683,"526,411,265,428",7345.13569000377,"7,345",2024.0,30.0,100.0,THB,THB,Thai baht,Thai,https://flagcdn.com/th.svg,https://flagcdn.com/w320/th.png,🇹🇭
Togo,TG,TGO,768,Lomé,6.14,1.21,Africa,AF,Western Africa,9304337,2023.0,9.3,"9,304,337",56785.0,56.78,"56,785",163.85,163.85,95.0,55.0,9925732119.72034,"9,925,732,120",1043.14092889765,"1,043",2024.0,153.0,170.0,XOF,F CFA,West African CFA franc,French,https://flagcdn.com/tg.svg,https://flagcdn.com/w320/tg.png,🇹🇬
Tonga,TO,TON,776,Nukuʻalofa,-21.13,-175.2,Oceania,OC,Polynesia,104597,2023.0,0.1,"104,597",747.0,0.75,747,140.02,140.02,180.0,62.0,508735107.033734,"508,735,107",4863.76384632192,"4,864",2023.0,186.0,119.0,TOP,TOP,Tongan paʻanga,"English, Tongan",https://flagcdn.com/to.svg,https://flagcdn.com/w320/to.png,🇹🇴
Trinidad and Tobago,TT,TTO,780,Port of Spain,10.65,-61.52,South America,SA,Caribbean,1502932,2023.0,1.5,"1,502,932",5127.0,5.13,"5,127",293.14,293.14,150.0,29.0,26428963758.1307,"26,428,963,758",19314.7163432664,"19,315",2024.0,113.0,58.0,TTD,TTD,Trinidad and Tobago dollar,English,https://flagcdn.com/tt.svg,https://flagcdn.com/w320/tt.png,🇹🇹
Tunisia,TN,TUN,788,Tunis,36.8,10.18,Africa,AF,Northern Africa,12200431,2023.0,12.2,"12,200,431",163610.0,163.61,"163,61",74.57,74.57,78.0,110.0,53409988744.5968,"53,409,988,745",4350.3717971875,"4,35",2024.0,90.0,125.0,TND,TND,Tunisian dinar,Arabic,https://flagcdn.com/tn.svg,https://flagcdn.com/w320/tn.png,🇹🇳
Turkey,TR,TUR,792,Ankara,39.93,32.87,Asia,AS,Western Asia,87270501,2023.0,87.27,"87,270,501",783562.0,783.56,"783,562",111.38,111.38,17.0,79.0,1323254808058.74,"1,323,254,808,059",15473.2872636856,"15,473",2024.0,18.0,66.0,TRY,TRY,Turkish lira,Turkish,https://flagcdn.com/tr.svg,https://flagcdn.com/w320/tr.png,🇹🇷
Turkmenistan,TM,TKM,795,Ashgabat,37.95,58.38,Asia,AS,Central Asia,7364438,2023.0,7.36,"7,364,438",488100.0,488.1,"488,1",15.09,15.09,102.0,173.0,64239891739.3311,"64,239,891,739",8571.60702949432,"8,572",2024.0,88.0,89.0,TMT,TMT,Turkmenistani manat,"Russian, Turkmen",https://flagcdn.com/tm.svg,https://flagcdn.com/w320/tm.png,🇹🇲
Tuvalu,TV,TUV,798,Funafuti,-8.52,179.22,Oceania,OC,Polynesia,9816,2023.0,0.01,"9,816",25.0,0.02,25,392.64,392.64,192.0,21.0,62280311.5852172,"62,280,312",6344.7750188689,"6,345",2023.0,192.0,107.0,AUD,A$,Australian dollar,"English, Tuvaluan",https://flagcdn.com/tv.svg,https://flagcdn.com/w320/tv.png,🇹🇻
Uganda,UG,UGA,800,Kampala,0.32,32.55,Africa,AF,Eastern Africa,48656601,2023.0,48.66,"48,656,601",241550.0,241.55,"241,55",201.43,201.43,30.0,49.0,53651874313.9836,"53,651,874,314",1072.71369837695,"1,073",2024.0,89.0,169.0,UGX,UGX,Ugandan shilling,"English, Swahili",https://flagcdn.com/ug.svg,https://flagcdn.com/w320/ug.png,🇺🇬
Ukraine,UA,UKR,804,Kyiv,50.43,30.52,Europe,EU,Eastern Europe,37732836,2023.0,37.73,"37,732,836",603550.0,603.55,"603,55",62.52,62.52,39.0,120.0,190741263731535,"190,741,263,732",5389.47314453125,"5,389",2024.0,58.0,115.0,UAH,UAH,Ukrainian hryvnia,Ukrainian,https://flagcdn.com/ua.svg,https://flagcdn.com/w320/ua.png,🇺🇦
United Arab Emirates,AE,ARE,784,Abu Dhabi,24.47,54.37,Asia,AS,Western Asia,10642081,2023.0,10.64,"10,642,081",83600.0,83.6,"83,6",127.3,127.30,87.0,69.0,537078829135466,"537,078,829,135",49377.5643384379,"49,378",2024.0,29.0,24.0,AED,AED,United Arab Emirates dirham,Arabic,https://flagcdn.com/ae.svg,https://flagcdn.com/w320/ae.png,🇦🇪
United Kingdom,GB,GBR,826,London,51.5,-0.08,Europe,EU,Northern Europe,68682962,2023.0,68.68,"68,682,962",244376.0,244.38,"244,376",281.05,281.05,20.0,31.0,3643834188782.91,"3,643,834,188,783",52636.7865943853,"52,637",2024.0,6.0,23.0,GBP,£,Sterling,English,https://flagcdn.com/gb.svg,https://flagcdn.com/w320/gb.png,🇬🇧
United States,US,USA,840,"Washington, D.C.",38.89,-77.05,North America,NA,Northern America,343477335,2023.0,343.48,"343,477,335",9525067.0,9525.07,"9,525,067",36.06,36.06,3.0,141.0,29184890000000.0,"29,184,890,000,000",85809.9003846356,"85,81",2024.0,1.0,9.0,USD,$,United States dollar,English,https://flagcdn.com/us.svg,https://flagcdn.com/w320/us.png,🇺🇸
Uruguay,UY,URY,858,Montevideo,-34.85,-56.17,South America,SA,South America,3388081,2023.0,3.39,"3,388,081",176215.0,176.22,"176,215",19.23,19.23,132.0,164.0,80961511073.5797,"80,961,511,074",23906.5133029408,"23,907",2024.0,81.0,51.0,UYU,UYU,Uruguayan peso,Spanish,https://flagcdn.com/uy.svg,https://flagcdn.com/w320/uy.png,🇺🇾
Uzbekistan,UZ,UZB,860,Tashkent,41.32,69.25,Asia,AS,Central Asia,35652307,2023.0,35.65,"35,652,307",447400.0,447.4,"447,4",79.69,79.69,42.0,104.0,114965293466611,"114,965,293,467",3161.70010632875,"3,162",2024.0,67.0,137.0,UZS,UZS,Uzbekistani sum,"Russian, Uzbek",https://flagcdn.com/uz.svg,https://flagcdn.com/w320/uz.png,🇺🇿
Vanuatu,VU,VUT,548,Port Vila,-17.73,168.32,Oceania,OC,Melanesia,320409,2023.0,0.32,"320,409",12189.0,12.19,"12,189",26.29,26.29,172.0,155.0,1161251868.03498,"1,161,251,868",3542.81071592874,"3,543",2024.0,181.0,132.0,VUV,VUV,Vanuatu vatu,"Bislama, English, French",https://flagcdn.com/vu.svg,https://flagcdn.com/w320/vu.png,🇻🇺
Venezuela,VE,VEN,862,Caracas,10.48,-66.87,South America,SA,South America,28300854,2023.0,28.3,"28,300,854",912050.0,912.05,"912,05",31.03,31.03,52.0,144.0,482359318767703,"482,359,318,768",15943.6127197163,"15,944",2014.0,34.0,64.0,VES,VES,Venezuelan sovereign bolívar,Spanish,https://flagcdn.com/ve.svg,https://flagcdn.com/w320/ve.png,🇻🇪
Vietnam,VN,VNM,704,Hanoi,21.03,105.85,Asia,AS,South-eastern Asia,100352192,2023.0,100.35,"100,352,192",331340.0,331.34,"331,34",302.87,302.87,15.0,27.0,476388230307175,"476,388,230,307",4717.29028732449,"4,717",2024.0,35.0,121.0,VND,₫,Vietnamese đồng,Vietnamese,https://flagcdn.com/vn.svg,https://flagcdn.com/w320/vn.png,🇻🇳
Yemen,YE,YEM,887,Sanaa,15.37,44.19,Asia,AS,Western Asia,39390799,2023.0,39.39,"39,390,799",455503.0,455.5,"455,503",86.48,86.48,36.0,99.0,21606160663.0131,"21,606,160,663",633.887202450998,634,2018.0,123.0,187.0,YER,YER,Yemeni rial,Arabic,https://flagcdn.com/ye.svg,https://flagcdn.com/w320/ye.png,🇾🇪
Zambia,ZM,ZMB,894,Lusaka,-15.42,28.28,Africa,AF,Eastern Africa,20723965,2023.0,20.72,"20,723,965",752612.0,752.61,"752,612",27.54,27.54,61.0,152.0,26325775287.0226,"26,325,775,287",1235.08466482514,"1,235",2024.0,114.0,166.0,ZMW,ZMW,Zambian kwacha,English,https://flagcdn.com/zm.svg,https://flagcdn.com/w320/zm.png,🇿🇲
Zimbabwe,ZW,ZWE,716,Harare,-17.82,31.03,Africa,AF,Eastern Africa,16340822,2023.0,16.34,"16,340,822",390757.0,390.76,"390,757",41.82,41.82,72.0,139.0,44187704410.1191,"44,187,704,410",2656.40937654332,"2,656",2024.0,99.0,142.0,ZWG,ZWG,Zimbabwe gold,"Chewa, Chibarwe, English, Kalanga, Khoisan, Ndau, Northern Ndebele, Shona, Sotho, Tonga, Tsonga, Tswana, Venda, Xhosa, Zimbabwean Sign Language",https://flagcdn.com/zw.svg,https://flagcdn.com/w320/zw.png,🇿🇼
